district,latitude,longitude,elevation,rainfall_mm,readiness_score,status
Adilabad,19.663259,78.555315,256,23.171029208479105,67,Moderate Preparedness
Agra,27.17568,78.008109,170,-1.9288539761238295,74,Well Prepared
Ahmadabad,23.026157,72.589687,51,34.67531100121705,82,Well Prepared
Ahmadnagar,19.093412,74.746855,657,1.1739607553839018,55,Moderate Preparedness
Aizawl,23.748659,92.728016,937,15.473192385275782,55,Moderate Preparedness
Ajmer,26.460578,74.641756,488,12.543859299454217,54,Moderate Preparedness
Akola,20.710576,77.00373,286,17.620744241494794,69,Moderate Preparedness
Alappuzha,9.501632,76.329606,9,18.117921234076004,78,Well Prepared
Aligarh,27.875204,78.068216,189,3.4534839366552585,68,Moderate Preparedness
Allahabad,25.45399,81.851869,96,10.281046998818645,79,Well Prepared
Almora,29.603844,79.665557,1488,-19.67656078919144,62,Moderate Preparedness
Alwar,27.566581,76.610602,277,-13.59838864995539,62,Moderate Preparedness
Ambala,30.376076,76.78821,275,4.447826321235002,69,Moderate Preparedness
Ambedkar Nagar,26.413411,82.54027,90,2.990272353689034,77,Well Prepared
Amravati,20.937346,77.760249,346,8.789878407787702,53,Moderate Preparedness
Amreli,21.598002,71.216081,120,9.6354072041519,61,Moderate Preparedness
Amritsar,31.623088,74.87248,233,-25.697851695455643,66,Moderate Preparedness
Anand,22.566883,72.953775,39,-27.49787937287118,75,Well Prepared
Anantapur,14.679395,77.598252,349,23.749071292051976,58,Moderate Preparedness
Anantanag,33.738528,75.16328,1630,21.540560893169804,58,Moderate Preparedness
Andamans,11.660569,92.741136,30,26.16692157952154,80,Well Prepared
Anjaw,27.894204,96.790213,1415,2.7310764624333927,60,Moderate Preparedness
Anugul,20.836481,85.099192,130,16.95097743176003,66,Moderate Preparedness
Anuppur,23.097789,81.701139,497,33.64018774218601,53,Moderate Preparedness
Araria,26.137794,87.464469,53,1.0634063587823968,84,Well Prepared
Ashok Nagar,24.568718,77.728572,491,26.84403365541827,57,Moderate Preparedness
Auraiya,26.460045,79.519467,139,13.19615277680164,60,Moderate Preparedness
Aurangabad,24.749745,84.379225,114,-10.82577452226373,69,Moderate Preparedness
Aurangabad,19.885543,75.333441,578,7.15058714067132,64,Moderate Preparedness
Azamgarh,26.053641,83.181213,78,4.86264114292508,73,Well Prepared
Bagalkot,16.202963,75.707787,525,-24.67417687273034,62,Moderate Preparedness
Bageshwar,29.842812,79.770905,1019,-3.7551515041589023,64,Moderate Preparedness
Baghpat,28.934887,77.226645,220,33.87711959955559,66,Moderate Preparedness
Bahraich,27.577746,81.598143,123,8.18734107060197,74,Well Prepared
Balaghat,21.815447,80.1932,308,34.468828516668616,52,Moderate Preparedness
Balangir,20.705399,83.496116,180,2.9840116933626235,73,Well Prepared
Baleshwar,21.492432,86.922744,19,-5.519839049450402,76,Well Prepared
Ballia,25.760427,84.155791,63,35.57073384500334,74,Well Prepared
Balrampur,27.424362,82.195912,105,11.198077632499402,69,Moderate Preparedness
Banas Kantha,24.185024,72.444088,219,20.328662242407596,69,Moderate Preparedness
Banda,25.467372,80.325071,116,-31.898901328548366,72,Well Prepared
Bangalore,12.97708,77.596173,918,18.395299402922834,50,Moderate Preparedness
Bangalore,12.97708,77.596173,918,-9.785229904775955,58,Moderate Preparedness
Banka,24.880617,86.919712,85,-8.140029535665581,82,Well Prepared
Bankura,23.249965,87.061434,89,18.50029374059772,71,Well Prepared
Banswara,23.545683,74.448134,232,-41.947964832624116,63,Moderate Preparedness
Barabanki,26.931977,81.203728,122,10.453681430143053,65,Moderate Preparedness
Baramula,34.200628,74.328035,1689,-26.576773951554973,56,Moderate Preparedness
Baran,25.113409,76.513669,259,-26.57854862211024,73,Well Prepared
Barddhaman,23.262279,87.856827,33,-16.043978547202318,79,Well Prepared
Bareilly,28.361856,79.419697,176,-29.13758978489822,63,Moderate Preparedness
Bargarh,21.339228,83.63098,178,-13.284770943128239,65,Moderate Preparedness
Barmer,25.743971,71.393059,207,56.96323183930525,81,Well Prepared
Barpeta,26.318438,91.012313,43,-16.629546815291345,73,Well Prepared
Barwani,22.02929,74.891275,183,5.507684676211463,71,Well Prepared
Baster,19.086747,82.039276,548,-42.28222123617288,50,Moderate Preparedness
Basti,26.801568,82.758574,88,-35.89515307209052,78,Well Prepared
Bathinda,30.293282,74.951926,208,-5.776924783585786,69,Moderate Preparedness
Baudh,20.832374,83.922946,109,-32.171384586125505,73,Well Prepared
Baudh,20.826237,84.307596,96,21.763919230033018,80,Well Prepared
Begusarai,25.409515,86.135757,46,20.09777796000101,73,Well Prepared
Belgaum,15.858948,74.509438,765,12.445216240538349,64,Moderate Preparedness
Bellary,15.143301,76.923557,462,-2.6083595804818764,64,Moderate Preparedness
Betul,21.903513,77.902064,647,19.896564700824577,64,Moderate Preparedness
Bhadrak,21.068425,86.503508,18,-8.874502078339606,81,Well Prepared
Bhagalpur,25.239305,86.974522,45,7.923388664891139,74,Well Prepared
Bhandara,21.169245,79.657152,255,-34.10265153770165,61,Moderate Preparedness
Bharatpur,27.213921,77.500799,179,-50.793528928175995,69,Moderate Preparedness
Bharuch,21.69417,72.978556,14,-1.7748812815197845,72,Well Prepared
Bhavnagar,21.77414,72.139722,19,1.2698828167891594,73,Well Prepared
Bhilwara,25.347483,74.637973,419,-13.987878013130159,63,Moderate Preparedness
Bhind,26.564114,78.789336,152,22.64223033133351,70,Well Prepared
Bhiwani,28.791052,76.143875,217,-10.18496375160232,73,Well Prepared
Bhojpur,25.565465,84.677244,60,-11.87269290140782,71,Well Prepared
Bhopal,23.266323,77.414303,495,45.60104641353093,68,Moderate Preparedness
Bid,18.987824,75.763809,513,17.191134657961783,56,Moderate Preparedness
Bidar,17.915869,77.531757,661,-10.355808993947823,56,Moderate Preparedness
Bijapur,16.823754,75.719178,604,-5.664849978355644,62,Moderate Preparedness
Bijnor,29.379583,78.13407,234,0.22981566097861217,68,Moderate Preparedness
Bikaner,28.016543,73.317199,227,-42.14693154789793,60,Moderate Preparedness
Bilaspur,31.323902,76.761527,602,48.34820571787865,72,Well Prepared
Bilaspur,22.074605,82.176189,266,14.193981388981554,68,Moderate Preparedness
Birbhum,23.908735,87.534251,72,-12.580080590647144,73,Well Prepared
Bishnupur,24.632371,93.764667,809,11.162982906381101,59,Moderate Preparedness
Bokaro,23.640657,86.162947,209,14.670262403384983,66,Moderate Preparedness
Bongaigaon,26.502443,90.564968,61,19.90125479417727,81,Well Prepared
Budaun,28.034404,79.124138,171,17.981566243866244,71,Well Prepared
Bulandshahr,28.400237,77.861025,202,-13.260117109648148,67,Moderate Preparedness
Buldana,20.532223,76.181689,649,-14.977456236385246,52,Moderate Preparedness
Bundi,25.442985,75.643423,310,6.173718276535162,59,Moderate Preparedness
Burhanpur,21.33186,76.20459,260,0.8245100269872787,61,Moderate Preparedness
Buxar,25.571102,83.98059,64,13.739665007445709,77,Well Prepared
Cachar,24.820025,92.795038,24,-26.84642482829341,72,Well Prepared
Chamba,32.558843,76.126097,1009,-13.08007492565014,64,Moderate Preparedness
Chamoli,30.401381,79.331112,1248,1.2868973794834777,57,Moderate Preparedness
Champawat,29.333337,80.103959,1621,9.483501932294734,53,Moderate Preparedness
Champhai,23.489023,93.345186,1348,28.964647948415777,52,Moderate Preparedness
Chamarajanagar,11.936475,76.939171,703,1.9492760463683814,54,Moderate Preparedness
Chandauli,25.258531,83.270958,77,42.911685168636176,81,Well Prepared
Chandel,24.320947,93.989857,941,-14.990152661832186,58,Moderate Preparedness
Chandigarh,30.731928,76.785486,346,-20.570754707224143,51,Moderate Preparedness
Chandrapur,19.951685,79.295823,186,-26.260769188004137,68,Moderate Preparedness
Changlang,27.087745,95.731123,772,23.17290018844819,60,Moderate Preparedness
Chatra,24.208676,84.866295,430,1.3165568024024323,53,Moderate Preparedness
Chennai,13.074737,80.267689,8,-3.2343221478125144,84,Well Prepared
Chhatarpur,24.915425,79.592243,305,3.1911790594634253,62,Moderate Preparedness
Chhindwara,22.057572,78.940098,678,3.6686301677439177,55,Moderate Preparedness
Chikmagalur,13.318348,75.772746,1031,-7.7966961001475426,50,Moderate Preparedness
Chitradurga,14.227245,76.402839,738,4.711837298650318,53,Moderate Preparedness
Chitrakoot,25.210734,80.914156,138,34.805572041277664,64,Moderate Preparedness
Chittaurgarh,24.876434,74.619443,404,-42.584985342858445,58,Moderate Preparedness
Chittoor,13.215319,79.100032,311,-5.85069862622348,56,Moderate Preparedness
Churachandpur,24.334438,93.658102,1072,32.0368032183781,56,Moderate Preparedness
Churu,28.300078,74.966601,292,13.706462406634085,68,Moderate Preparedness
Coimbatore,10.994743,76.96688,415,-1.4799245064720563,52,Moderate Preparedness
Cuddalore,11.75553,79.762325,8,-11.271316880001999,76,Well Prepared
Cuddapah,14.482391,78.82537,130,-9.251313196512305,73,Well Prepared
Cuttack,20.478116,85.85389,27,20.005038649627753,79,Well Prepared
Dadra & Nagar Haveli,20.284446,72.998942,37,0.7845186086492322,81,Well Prepared
Dakshin Dinajpur,25.230003,88.789755,27,2.417163992304237,72,Well Prepared
Dakshina Kannada,12.863889,74.841219,21,26.005025247007914,75,Well Prepared
Daman,20.424388,72.846682,10,-2.253909362173959,81,Well Prepared
Damoh,23.824248,79.455215,380,23.457159833449083,55,Moderate Preparedness
Dantewada,18.87715,81.367201,380,-6.77164732762399,61,Moderate Preparedness
Darbhanga,26.164221,85.910612,54,16.912082851887835,72,Well Prepared
Darjiling,27.041527,88.272768,1782,13.30931198770417,53,Moderate Preparedness
Darrang,26.441811,92.033565,59,19.298368221749694,81,Well Prepared
Datia,25.673026,78.458158,243,-28.26700215637455,61,Moderate Preparedness
Dausa,26.899411,76.334441,336,7.2163866760298205,51,Moderate Preparedness
Davangere,14.492934,75.936375,578,10.659391210407062,50,Moderate Preparedness
Debagarh,21.546245,84.744026,311,28.676878392884337,51,Moderate Preparedness
Dehradun,30.325264,78.041576,670,-21.394741984617255,63,Moderate Preparedness
Deoghar,24.481265,86.700615,253,11.685333035920417,65,Moderate Preparedness
Deoria,26.500556,83.783389,79,-18.45170115933805,80,Well Prepared
Dewas,22.962736,76.071156,548,5.028851231124043,61,Moderate Preparedness
Dhalai,23.938769,91.868389,94,-17.20865583292249,76,Well Prepared
Dhamtari,20.703812,81.567596,325,48.45059990537129,71,Well Prepared
Dhanbad,23.797727,86.436225,239,-7.900068189782921,60,Moderate Preparedness
Dhar,22.598554,75.314536,570,-15.558713903783554,60,Moderate Preparedness
Dharmapuri,12.134803,78.161203,455,0.3038306110855795,64,Moderate Preparedness
Dharwad,15.452454,75.012073,723,1.5225938027611852,60,Moderate Preparedness
Dhaulpur,26.693948,77.894554,175,14.836703031459574,72,Well Prepared
Dhemaji,27.4844,94.594933,100,13.866992543815924,72,Well Prepared
Dhenkanal,20.654734,85.588016,86,-31.588704366061794,72,Well Prepared
Dhubri,26.019042,89.991086,29,-19.542760296073453,79,Well Prepared
Dhule,20.90441,74.781243,261,13.557600869245627,72,Well Prepared
Dibang Valley,28.850861,95.871559,1775,14.598629832443667,60,Moderate Preparedness
Dibrugarh,27.480193,94.912419,107,11.984323006626154,72,Well Prepared
Dimapur,25.91789,93.746839,145,-8.436567036195582,60,Moderate Preparedness
Dindigul,10.361936,77.968908,277,9.16826371110457,61,Moderate Preparedness
Dindori,22.939702,81.083584,682,8.95731744878592,55,Moderate Preparedness
Diu,20.713309,70.979548,3,26.770089994829817,79,Well Prepared
Dohad,22.823003,74.263925,299,-9.38330210036951,65,Moderate Preparedness
Dumka,24.271014,87.249367,148,25.153739489598326,68,Moderate Preparedness
Dungarpur,23.837104,73.716702,314,-30.769246903578622,50,Moderate Preparedness
Durg,21.188278,81.275855,291,-0.05230184233638413,69,Moderate Preparedness
East Sikkim,27.328923,88.616469,1545,-16.27891986992864,54,Moderate Preparedness
East Garo Hills,25.528369,90.593784,267,1.7746909161938627,73,Well Prepared
East Godavari,16.969397,82.236435,8,-1.4241741074429677,77,Well Prepared
East Kameng,27.333113,93.063248,773,19.576153859111944,56,Moderate Preparedness
East Khasi Hills,25.588025,91.887356,1444,-24.630568498641285,57,Moderate Preparedness
East Nimar,21.827574,76.356018,313,-19.209101533882652,63,Moderate Preparedness
East Siang,28.065355,95.333325,161,12.163209421326378,66,Moderate Preparedness
Ernakulam,9.956764,76.292401,4,0.807240803494031,74,Well Prepared
Erode,11.334348,77.72772,170,9.575657086012342,62,Moderate Preparedness
Etah,27.55673,78.657582,170,-3.6041905313933476,69,Moderate Preparedness
Etawah,26.77697,79.025561,149,12.589696074506378,72,Well Prepared
Faizabad,26.781125,82.149876,102,-11.837909837958202,64,Moderate Preparedness
Faridabad,28.427902,77.329409,204,-7.024633620756388,66,Moderate Preparedness
Faridkot,30.67333,74.758547,203,22.3515270554107,60,Moderate Preparedness
Farrukhabad,27.367541,79.635106,147,-11.848153146273292,63,Moderate Preparedness
Fatehabad,29.516385,75.4548,212,1.6368358937554381,64,Moderate Preparedness
Fatehgarh Sahib,30.647528,76.406922,268,14.33583309246454,61,Moderate Preparedness
Fatehpur,25.927961,80.817369,117,-11.21315655310075,70,Well Prepared
Firozabad,27.142217,78.398303,163,-13.697841226201882,70,Well Prepared
Firozpur,30.939516,74.619239,197,27.88972764439794,67,Moderate Preparedness
Gadag,15.441432,75.646857,647,60.683594462624335,66,Moderate Preparedness
Gadchiroli,20.184794,80.007887,210,-33.488071681279564,72,Well Prepared
Gajapati,18.776646,84.080324,60,1.197251081685764,82,Well Prepared
Gandhinagar,23.235737,72.671374,79,10.26848192050807,70,Well Prepared
Ganganagar,29.928315,73.867201,177,-21.765944154039243,66,Moderate Preparedness
Ganjam,19.350441,84.985993,23,-10.738425140429875,83,Well Prepared
Garwah,24.17351,83.81231,211,-0.219832367372383,62,Moderate Preparedness
Garhwal,30.152136,78.780959,1391,-15.224410572560382,55,Moderate Preparedness
Gautam Buddha Nagar,28.567013,77.327519,201,1.8390118652561545,61,Moderate Preparedness
Gaya,24.79151,85.004475,119,15.278978722884235,64,Moderate Preparedness
Ghaziabad,28.660255,77.445653,215,31.22276839391016,72,Well Prepared
Ghazipur,25.586118,83.581496,71,7.451871207988377,73,Well Prepared
Giridih,24.189967,86.313267,296,-13.275566263044665,62,Moderate Preparedness
Goalpara,26.176465,90.631164,40,-25.039752357465712,70,Well Prepared
Godda,24.829078,87.215924,91,26.564212825626015,81,Well Prepared
Golaghat,26.509522,93.974001,101,-1.5679463278106947,73,Well Prepared
Gonda,27.133796,81.962471,109,7.317907744226705,66,Moderate Preparedness
Gondiya,21.448734,80.1972,313,32.092280515731396,61,Moderate Preparedness
Gopalganj,26.465323,84.444294,72,8.915129661732514,77,Well Prepared
Gorakhpur,26.759828,83.370935,83,-5.7519694758740645,82,Well Prepared
Gulbarga,17.334962,76.834784,465,11.356824479178437,55,Moderate Preparedness
Gumla,23.026635,84.534374,653,9.185603820733705,57,Moderate Preparedness
Guna,24.644351,77.313136,477,1.0161084689515962,53,Moderate Preparedness
Guntur,16.297356,80.447394,32,18.74229339479745,71,Well Prepared
Gurdaspur,32.045131,75.408744,264,-1.66991264805011,61,Moderate Preparedness
Gurgaon,28.466248,77.028569,225,28.09115407392216,71,Well Prepared
Gwalior,26.222524,78.168463,233,4.345228533217404,72,Well Prepared
Hailakandi,24.709416,92.568191,24,-2.014732857163685,71,Well Prepared
Hamirpur,31.672705,76.521404,750,15.356835580815863,55,Moderate Preparedness
Hamirpur,25.959941,80.117055,107,12.969953497493144,72,Well Prepared
Hanumangarh,29.577336,74.320427,183,-4.510476911756429,61,Moderate Preparedness
Haora,22.567906,88.327811,6,-7.214780600422463,84,Well Prepared
Harda,22.336719,77.085484,286,17.97251280193221,74,Well Prepared
Hardoi,27.395551,80.127149,145,21.523973782558492,71,Well Prepared
Hardwar,29.919595,78.162848,278,16.860135408205693,73,Well Prepared
Hassan,13.008913,76.098149,952,32.529197682710986,62,Moderate Preparedness
Hathras,27.585241,78.05918,179,34.29234046314283,68,Moderate Preparedness
Haveri,14.810215,75.407562,562,-1.08125125367332,61,Moderate Preparedness
Hazaribagh,23.988567,85.36671,615,-12.781865403825714,55,Moderate Preparedness
Hingoli,19.713154,77.153409,457,45.11201463806663,62,Moderate Preparedness
Hisar,29.151765,75.725027,213,30.120429888864262,67,Moderate Preparedness
Hoshangabad,22.740101,77.713729,304,33.9503150355531,60,Moderate Preparedness
Hoshiarpur,31.535053,75.914418,305,-13.16480783392966,63,Moderate Preparedness
Hugli,22.900631,88.396631,12,-26.195181054531194,80,Well Prepared
Hyderabad,17.399667,78.488244,507,-29.00200374380464,64,Moderate Preparedness
Hyderabad,17.399667,78.488244,507,21.70753276451529,59,Moderate Preparedness
Idukki,9.900515,77.176271,1066,23.37447694508579,64,Moderate Preparedness
Imphal,24.811571,93.950799,783,45.437275676323324,61,Moderate Preparedness
Indore,22.716881,75.867271,553,30.22179902862221,62,Moderate Preparedness
Jabalpur,23.172246,79.937619,406,11.28564493825975,50,Moderate Preparedness
Jagatsinghapur,20.26385,86.166024,13,-20.133307661976858,77,Well Prepared
Jaintia Hills,25.438113,92.198261,1321,36.10022150009514,52,Moderate Preparedness
Jaipur,26.914736,75.810664,439,-12.490058733656555,55,Moderate Preparedness
Jaisalmer,26.911481,70.91459,237,-4.1457750475981445,62,Moderate Preparedness
Jajapur,20.844687,86.32523,15,14.844010787916028,70,Well Prepared
Jalandhar,31.339673,75.581698,239,43.72303982049458,83,Well Prepared
Jalaun,25.989945,79.454191,139,40.08318473801877,76,Well Prepared
Jalgaon,21.009559,75.570044,218,12.33464936080258,74,Well Prepared
Jalna,19.848844,75.901627,505,-6.5395965072902165,57,Moderate Preparedness
Jalor,25.342919,72.620614,247,-10.507873267465408,69,Moderate Preparedness
Jalpaiguri,26.527845,88.719039,85,26.7948429050903,74,Well Prepared
Jammu,32.727401,74.8456,308,21.90809181902785,53,Moderate Preparedness
Jamnagar,22.471076,70.07265,18,28.28542048382069,82,Well Prepared
Jamtara,23.959798,86.788385,191,-24.585695501001073,62,Moderate Preparedness
Jamui,24.925934,86.216344,83,-2.464824396690482,84,Well Prepared
Janjgir,22.003783,82.594618,268,40.56222865602799,72,Well Prepared
Jashpur,22.892329,84.158393,761,-23.372431354311676,56,Moderate Preparedness
Jaunpur,25.748744,82.687741,80,27.542110595309087,70,Well Prepared
Jehanabad,25.212198,84.982009,67,-9.950033038329453,73,Well Prepared
Jhabua,22.769906,74.599553,324,26.462052380602405,51,Moderate Preparedness
Jhajjar,28.601349,76.6536,215,0.7837184107025243,62,Moderate Preparedness
Jhalawar,24.592312,76.165807,312,-19.093171300256728,50,Moderate Preparedness
Jhansi,25.462975,78.57546,243,-0.46735196381904,67,Moderate Preparedness
Jharsuguda,21.851989,84.025951,224,23.56941571821096,64,Moderate Preparedness
Jhunjhunun,28.129504,75.400108,338,9.62616116446949,56,Moderate Preparedness
Jind,29.318821,76.313347,226,10.030043892990284,72,Well Prepared
Jodhpur,26.279624,73.022778,241,-6.060958841341485,73,Well Prepared
Jorhat,26.754666,94.218519,94,10.067914078952825,74,Well Prepared
Junagadh,21.522705,70.461296,98,14.383661193394433,76,Well Prepared
Jyotiba Phule Nagar,28.906416,78.462509,216,14.276551655306992,73,Well Prepared
Kachchh,23.251213,69.666108,99,14.289046829708026,70,Well Prepared
Kaimur,25.040295,83.602718,84,5.03888294302523,73,Well Prepared
Kaithal,29.804185,76.399321,237,-1.7113625818983693,71,Well Prepared
Kalahandi,19.910373,83.176494,261,3.36608169406942,61,Moderate Preparedness
Kamrup,26.181061,91.751916,59,-5.102710579267615,74,Well Prepared
Kancheepuram,12.834822,79.715697,83,-40.8841136746281,76,Well Prepared
Kandhamal,20.467657,84.240574,503,39.0539671913147,62,Moderate Preparedness
Kangra,32.217751,76.31406,1291,15.078810487512799,52,Moderate Preparedness
Kanker,20.275167,81.50583,402,-34.6922941559789,58,Moderate Preparedness
Kannauj,27.056124,79.926694,133,6.914746185234112,72,Well Prepared
Kanniyakumari,8.175865,77.440953,27,-1.3584358657268631,70,Well Prepared
Kannur,11.868687,75.36639,15,28.31674141004436,71,Well Prepared
Kanpur Dehat,26.375967,79.955267,132,13.57233163587821,72,Well Prepared
Kanpur Nagar,26.461855,80.344194,132,10.884306929432542,73,Well Prepared
Kapurthala,31.379585,75.385678,226,15.679984238847277,60,Moderate Preparedness
Karaikal,10.917964,79.837646,3,1.3914424854411442,70,Well Prepared
Karauli,26.4987,77.022184,273,-32.06358490199768,60,Moderate Preparedness
Karbi Anglong,25.838215,93.446934,199,17.30357598726223,65,Moderate Preparedness
Karimganj,24.871588,92.353828,22,-5.348096531496726,70,Well Prepared
Karimnagar,18.431912,79.144791,263,19.389948064300576,74,Well Prepared
Karnal,29.692495,76.985142,251,-19.353303754776896,65,Moderate Preparedness
Karur,10.948948,78.086832,123,17.936625466839423,74,Well Prepared
Kasaragod,12.498305,74.990213,18,27.27036524718392,82,Well Prepared
Kathua,32.359369,75.516357,313,9.066460735914152,61,Moderate Preparedness
Katihar,25.537374,87.583497,32,22.73352206962096,79,Well Prepared
Katni,23.841092,80.397878,380,-18.98112291685318,54,Moderate Preparedness
Kaushambi,25.524545,81.383437,104,-10.815440430293709,66,Moderate Preparedness
Kawardha,22.006266,81.259515,338,2.8140271804365558,51,Moderate Preparedness
Kendrapara,20.508399,86.417262,6,-6.104586432999708,71,Well Prepared
Kendujhar,21.644926,85.583459,482,-23.794378174071984,63,Moderate Preparedness
Khagaria,25.508751,86.472735,41,-1.3324043585191903,81,Well Prepared
Khammam,17.245344,80.140567,116,10.951020908556995,69,Moderate Preparedness
Kheda,22.747316,72.695273,26,-10.80607400190983,71,Well Prepared
Kheri,27.947796,80.788432,147,-11.068218651047083,67,Moderate Preparedness
Khordha,20.187781,85.622131,44,4.6192030181208334,70,Well Prepared
Kinnaur,31.546954,78.26285,2589,9.136563736745343,58,Moderate Preparedness
Kishanganj,26.112966,87.9283,50,-11.089638084573037,72,Well Prepared
Koch Bihar,26.328292,89.453617,45,14.207446053585041,82,Well Prepared
Kodagu,12.422433,75.744027,1152,6.527823682774024,51,Moderate Preparedness
Kodarma,24.463,85.587047,386,29.808583408038896,60,Moderate Preparedness
Kohima,25.684924,94.118903,1410,9.75711358697853,59,Moderate Preparedness
Kokrajhar,26.40281,90.273819,47,1.5331084835263282,83,Well Prepared
Kolar,13.135759,78.136263,835,-29.147594512518747,60,Moderate Preparedness
Kolasib,24.252182,92.690303,364,19.351987447444554,52,Moderate Preparedness
Kolhapur,16.694394,74.22406,559,-7.534105896031534,56,Moderate Preparedness
Kolkata,22.548783,88.39894,5,7.30388366690798,70,Well Prepared
Kollam,8.888392,76.609021,18,4.489759667585094,79,Well Prepared
Koppal,15.362997,76.167916,539,5.9966773605605415,56,Moderate Preparedness
Koraput,18.80694,82.719909,875,6.132708885831741,57,Moderate Preparedness
Korba,22.337193,82.715651,288,-12.436298926346877,68,Moderate Preparedness
Koriya,23.244843,82.570516,538,21.682215510808206,57,Moderate Preparedness
Kota,25.179993,75.846204,263,9.14609190622116,71,Well Prepared
Kottayam,9.595602,76.521426,12,-25.27424429418722,84,Well Prepared
Kozhikode,11.239895,75.795215,14,-10.786268096457436,77,Well Prepared
Krishna,16.189204,81.136184,9,-1.6831487058646668,73,Well Prepared
Krishnagiri,12.533802,78.228528,512,-25.022103401578622,52,Moderate Preparedness
Kullu,31.960573,77.107897,1454,5.303666457349945,52,Moderate Preparedness
Kurnool,15.834985,78.041533,283,5.785651393595931,66,Moderate Preparedness
Kurukshetra,29.962444,76.838151,256,42.62055497250973,72,Well Prepared
Kurung Kumey,27.861258,93.499644,985,-4.7010154301548095,51,Moderate Preparedness
Kushinagar,26.907172,83.985134,88,11.122489884998625,74,Well Prepared
Lahul & Spiti,32.574709,77.040806,3458,-12.931746257271195,62,Moderate Preparedness
Lakhimpur,27.236148,94.105136,93,-10.307479184257366,72,Well Prepared
Lakhisarai,25.176411,86.090783,47,21.05992163373575,84,Well Prepared
Lakshdweep,10.568609,72.640306,-7,20.74073303448156,80,Well Prepared
Lalitpur,24.691585,78.418609,357,50.553732755456096,67,Moderate Preparedness
Latehar,23.75162,84.509376,406,21.628754128612286,56,Moderate Preparedness
Latur,18.401122,76.576955,629,-17.02211936583804,62,Moderate Preparedness
Leh,34.138736,77.565158,3322,28.375451036434477,52,Moderate Preparedness
Lohardaga,23.432486,84.681568,659,33.405611028268794,51,Moderate Preparedness
Lohit,27.925439,96.166869,221,-4.423594175023634,60,Moderate Preparedness
Lower Dibang Valley,28.1375,95.798781,289,-31.08554299469132,67,Moderate Preparedness
Lower Subansiri,27.5556,93.812343,1661,24.651564651345865,57,Moderate Preparedness
Lucknow,26.83323,80.943614,123,-6.802316802182871,67,Moderate Preparedness
Ludhiana,30.908679,75.851626,249,2.471709693278639,60,Moderate Preparedness
Lunglei,22.888359,92.746609,921,49.17606700475736,63,Moderate Preparedness
Madhepura,25.921099,86.792579,47,22.08142370667483,71,Well Prepared
Madhubani,26.356596,86.070431,59,31.6430099803434,81,Well Prepared
Madurai,9.924937,78.129356,137,21.171640976375386,61,Moderate Preparedness
Maharajganj,27.146858,83.567801,93,18.47772651710355,72,Well Prepared
Mahasamund,21.09393,82.111104,291,39.73497697482649,64,Moderate Preparedness
Mahbubnagar,16.744426,77.991612,505,2.6421501498239004,52,Moderate Preparedness
Mahendragarh,28.045836,76.11006,307,12.448174460181898,54,Moderate Preparedness
Mahesana,23.60274,72.385689,89,-16.94882320310225,80,Well Prepared
Mahoba,25.286105,79.880627,210,64.94367615585655,74,Well Prepared
Mainpuri,27.229325,79.049369,158,-13.488573553063,68,Moderate Preparedness
Malappuram,11.043786,76.085683,51,-1.161127547065091,70,Well Prepared
Maldah,25.010231,88.147599,28,16.211375961231948,73,Well Prepared
Malkangiri,18.357914,81.897509,203,18.07361445531672,60,Moderate Preparedness
Mamit,23.942233,92.499553,541,18.044796655391643,50,Moderate Preparedness
Mandi,31.711956,76.932031,840,21.70705006709655,63,Moderate Preparedness
Mandla,22.605889,80.370917,447,-7.5238595320923345,50,Moderate Preparedness
Mandsaur,24.063675,75.074883,435,-2.467753088853788,55,Moderate Preparedness
Mandya,12.517368,76.898666,679,-51.09291493228128,56,Moderate Preparedness
Mansa,29.986894,75.390143,219,-5.017921278743751,60,Moderate Preparedness
Marigaon,26.255106,92.337553,61,17.395345691078614,77,Well Prepared
Mathura,27.494256,77.684411,177,-18.21216436946705,65,Moderate Preparedness
Mau,25.947961,83.561419,73,19.25253719710685,78,Well Prepared
Mayurbhanj,21.944929,86.725858,41,10.509565624616783,74,Well Prepared
Medak,17.625811,78.082342,515,11.313807899265738,62,Moderate Preparedness
Meerut,28.986554,77.70386,227,-8.785737294514453,60,Moderate Preparedness
Mirzapur,25.143896,82.562668,81,-17.084851975549668,81,Well Prepared
Moga,30.801361,75.162775,221,31.046767763322908,65,Moderate Preparedness
Mokokchung,26.321208,94.519572,1135,17.472093678817316,54,Moderate Preparedness
Mon,26.723923,95.031768,666,-17.617832525935928,50,Moderate Preparedness
Moradabad,28.832848,78.780652,202,-23.0329601148467,67,Moderate Preparedness
Morena,26.500863,78.001752,176,6.516192612609374,70,Well Prepared
Muktsar,30.463978,74.517016,199,12.143056919267364,66,Moderate Preparedness
Mumbai,18.987074,72.830007,8,-21.51930006706225,76,Well Prepared
Mumbai (Suburban),19.054135,72.832678,4,30.42343471870225,76,Well Prepared
Munger,25.37403,86.47675,48,-10.56567193531073,71,Well Prepared
Murshidabad,24.100513,88.278789,21,12.732177653760226,79,Well Prepared
Muzaffarnagar,29.471716,77.700412,247,-26.235223872931986,65,Moderate Preparedness
Muzaffarpur,26.117382,85.406908,58,34.38312747448127,79,Well Prepared
Mysore,12.309442,76.654533,752,-25.690527733401133,50,Moderate Preparedness
Nabarangapur,19.224792,82.557829,568,8.768961100868404,58,Moderate Preparedness
Nadia,23.418592,88.504458,14,-45.41713211940742,84,Well Prepared
Nagaon,26.355771,92.686525,68,42.08561388248424,83,Well Prepared
Nagapattinam,10.770587,79.834871,3,14.225153014684896,73,Well Prepared
Nagaur,27.200302,73.736974,297,-0.38461938401583895,70,Well Prepared
Nagpur,21.148204,79.096814,310,-7.146610076408685,62,Moderate Preparedness
Nainital,29.380565,79.470524,1922,24.99146641818883,54,Moderate Preparedness
Nalanda,25.194764,85.521417,59,26.65797105459613,79,Well Prepared
Nalbari,26.444776,91.445234,53,19.028364348647955,84,Well Prepared
Nalgonda,17.061325,79.267503,245,-3.537538675685503,61,Moderate Preparedness
Namakkal,11.225821,78.171836,195,-9.385681670567996,65,Moderate Preparedness
Nanded,19.159314,77.313188,363,13.707234893447474,54,Moderate Preparedness
Nandurbar,21.36675,74.244736,215,-23.07571529589597,69,Moderate Preparedness
Narmada,21.875823,73.499823,35,-32.74137774244232,78,Well Prepared
Narsimhapur,22.948386,79.193312,357,-19.833428405083964,50,Moderate Preparedness
Nashik,20.006006,73.795878,580,13.058241461514532,57,Moderate Preparedness
Navsari,20.948755,72.925226,12,1.5965559772476303,84,Well Prepared
Nawada,24.887955,85.543198,88,-16.76318543770164,75,Well Prepared
Nawanshahr,31.120012,76.130554,258,25.869088226535855,62,Moderate Preparedness
Nayagarh,20.120189,85.098925,148,-2.032655560630047,70,Well Prepared
Neemuch,24.473691,74.876342,488,12.87187766635413,59,Moderate Preparedness
Nellore,14.449206,79.983616,22,20.35881669207365,77,Well Prepared
Nizamabad,18.654235,78.09389,389,-2.8888479310435256,58,Moderate Preparedness
North,27.50395,88.536203,1171,-26.019368944352937,61,Moderate Preparedness
North Cachar Hills,25.167627,93.015884,630,27.46275118295817,50,Moderate Preparedness
North Goa,15.480081,73.822329,12,25.380254802975337,71,Well Prepared
North Tripura,24.342116,92.017914,32,32.3058535134022,77,Well Prepared
North 24 Parganas,22.724797,88.507529,10,16.16302191171346,71,Well Prepared
Nuapada,20.819327,82.555776,344,16.036035829324838,62,Moderate Preparedness
Osmanabad,18.181663,76.041686,656,9.328735873754185,63,Moderate Preparedness
Pachim Sionghum,22.554553,85.808737,229,9.14183003774854,62,Moderate Preparedness
Pakaur,24.635842,87.834711,41,25.78659758474917,70,Well Prepared
Palakkad,10.772089,76.658319,91,-5.1847725300775025,81,Well Prepared
Palamu,24.040242,84.069328,225,0.18960548349957884,60,Moderate Preparedness
Pali,25.777043,73.322215,216,7.712478946048389,61,Moderate Preparedness
Panch Mahals,22.772915,73.60953,123,11.255802363356652,63,Moderate Preparedness
Panchkula,30.722619,76.880191,387,-14.643677581137828,63,Moderate Preparedness
Panipat,29.387951,76.968552,236,-9.581359042178986,71,Well Prepared
Panna,24.719464,80.189266,410,-18.856860326184748,62,Moderate Preparedness
Papum Pare,27.101465,93.597901,372,1.9030685806333287,63,Moderate Preparedness
Parbhani,19.268358,76.777025,418,-18.514741580613144,63,Moderate Preparedness
Paschim Medinapur,22.42833,87.323882,44,-9.977736526887975,81,Well Prepared
Paschim Champaran,26.804014,84.510335,78,27.652770511609415,76,Well Prepared
Patan,23.845103,72.111466,81,-21.554559536608153,77,Well Prepared
Pathanamthitta,9.294782,76.75528,77,-32.93787349813099,76,Well Prepared
Patiala,30.317367,76.407038,252,32.25389203135142,65,Moderate Preparedness
Patna,25.603125,85.119195,57,-44.051426218669675,71,Well Prepared
Perambalur,11.243109,78.866417,132,2.3355263840002576,60,Moderate Preparedness
Phek,25.701797,94.465739,1323,0.6403874920949075,52,Moderate Preparedness
Pilibhit,28.634994,79.812128,188,5.692846550482355,68,Moderate Preparedness
Pithoragarh,29.583696,80.203698,1578,4.76625160884894,55,Moderate Preparedness
Pondicherry,11.935363,79.83229,6,8.670598692615279,71,Well Prepared
Porbandar,21.636581,69.59674,0,-9.45114776684706,70,Well Prepared
Prakasam,15.514451,80.048738,12,12.608295523650643,72,Well Prepared
Pratapgarh,25.93741,81.995137,94,1.8212301946012013,70,Well Prepared
Pudukkottai,10.383944,78.81216,99,21.144973568934244,78,Well Prepared
Punch,33.773791,74.081247,1009,22.580475612549044,62,Moderate Preparedness
Pune,18.525994,73.862602,556,-15.602590851509989,52,Moderate Preparedness
Purba Champaran,26.653574,84.925161,69,29.30759654298571,73,Well Prepared
Purba Medinapur,22.301044,87.919817,6,0.8784490844602639,70,Well Prepared
East Singbhum,22.799522,86.197389,159,17.86026541515068,73,Well Prepared
Puri,19.79549,85.838807,4,11.002516454020007,75,Well Prepared
Purnia,25.777226,87.47066,41,-7.55499839529406,73,Well Prepared
Puruliya,23.332193,86.366718,246,-1.4944501343361085,72,Well Prepared
Rae Bareli,26.231689,81.230631,114,15.749526739024445,69,Moderate Preparedness
Raichur,16.207752,77.358779,406,-9.232728918519475,57,Moderate Preparedness
Raigarh,21.908949,83.395958,222,15.764267029453624,74,Well Prepared
Raigarh,18.646539,72.875994,4,15.115045344902546,83,Well Prepared
Raipur,21.227374,81.629069,295,7.9435892242885,61,Moderate Preparedness
Raisen,23.33011,77.780588,451,-13.325195247384842,54,Moderate Preparedness
Rajgarh,24.005868,76.739744,378,25.79692745473895,54,Moderate Preparedness
Rajkot,22.295207,70.805355,133,-11.731830820521612,74,Well Prepared
Rajnandgaon,21.089426,81.034625,304,11.968691027122627,55,Moderate Preparedness
Rajsamand,25.075336,73.860393,565,2.8100134941130075,58,Moderate Preparedness
Ramanathapuram,9.363516,78.840969,9,-23.085596773348087,81,Well Prepared
Rampur,28.791807,79.029148,191,11.471092872126977,69,Moderate Preparedness
Ranchi,23.363068,85.340321,635,0.023102043262982264,52,Moderate Preparedness
Ratlam,23.327034,75.040755,484,4.57034118415932,59,Moderate Preparedness
Ratnagiri,16.990597,73.297537,21,25.480102484659973,81,Well Prepared
Rayagada,19.165286,83.412105,223,3.7226955568150184,68,Moderate Preparedness
Rewa,24.540725,81.288305,300,-7.383610695075774,60,Moderate Preparedness
Rewari,28.198138,76.615433,247,2.2467009589692246,69,Moderate Preparedness
Ri Bhoi,25.915944,91.88132,589,-9.504171988160527,61,Moderate Preparedness
Rohtak,28.888214,76.587935,223,24.194844635632656,61,Moderate Preparedness
Rohtas,24.92088,84.039698,154,-34.869709200395846,66,Moderate Preparedness
Rudraprayag,30.29541,78.986665,817,-0.9074496106925936,63,Moderate Preparedness
Rupnagar,30.964466,76.526375,275,-13.928607842565215,67,Moderate Preparedness
Sabar Kantha,23.605115,72.96492,142,-24.596039382792103,68,Moderate Preparedness
Sagar,23.837188,78.749867,530,-25.771303212562334,64,Moderate Preparedness
Saharanpur,29.965049,77.553476,277,22.10670454402649,74,Well Prepared
Saharsa,25.872235,86.59889,45,-6.71599733552307,79,Well Prepared
Sahibganj,25.244524,87.632966,44,0.6271190311273052,77,Well Prepared
Saiha,22.513447,92.979389,733,12.914377303015948,62,Moderate Preparedness
Salem,11.65821,78.152968,284,-17.327148082337803,74,Well Prepared
Samastipur,25.846512,85.779185,49,20.57309808365638,83,Well Prepared
Sambalpur,21.466623,83.986047,159,8.80069029404015,63,Moderate Preparedness
Sangli,16.860757,74.57878,553,59.2245102555555,63,Moderate Preparedness
Sangrur,30.241479,75.841924,237,10.957565654411278,68,Moderate Preparedness
Sant Kabir Nagar,26.778133,83.086966,80,31.15385082060772,82,Well Prepared
Sant Ravidas Nagar,25.335702,82.46387,88,1.9964743045912543,80,Well Prepared
Saraikela,22.715002,85.939556,183,-16.965022658271568,66,Moderate Preparedness
Saran,25.777293,84.751385,56,16.376762966547297,75,Well Prepared
Satara,17.690393,74.010744,689,-1.0691132578102196,56,Moderate Preparedness
Satna,24.566488,80.833433,318,16.518590960839475,59,Moderate Preparedness
Sawai Madhopur,25.987844,76.381194,318,16.408255644817054,50,Moderate Preparedness
Sehore,23.206208,77.085006,499,11.758656734510478,63,Moderate Preparedness
Senapati,25.302888,94.048471,1163,-13.44277307817258,50,Moderate Preparedness
Seoni,22.088143,79.548337,617,14.989764337955917,64,Moderate Preparedness
Serchhip,23.3256,92.864991,798,0.6034327801560564,52,Moderate Preparedness
Shahdol,23.294345,81.360684,464,16.73290435796467,52,Moderate Preparedness
Shahjahanpur,27.871092,79.908609,153,30.153366434405783,74,Well Prepared
Shajapur,23.423091,76.280682,445,2.62177889980418,55,Moderate Preparedness
Sheikhpura,25.147495,85.839471,48,19.991821472168198,84,Well Prepared
Sheohar,26.514445,85.29636,66,29.620028640324183,82,Well Prepared
Sheopur,25.676035,76.698332,229,19.79713949475671,65,Moderate Preparedness
Shimla,31.10003,77.171181,2056,27.02320947868786,57,Moderate Preparedness
Shimoga,13.930893,75.576068,582,-0.9717306014421507,61,Moderate Preparedness
Shivpuri,25.42602,77.653283,468,27.748062662585383,56,Moderate Preparedness
Shrawasti,27.700545,81.931928,121,4.702563296095418,71,Well Prepared
Sibsagar,26.984297,94.639508,95,-5.522011685177002,83,Well Prepared
Siddharthnagar,27.246253,83.066141,87,13.297650223373902,70,Well Prepared
Sidhi,24.409558,81.883792,278,-1.1158285783624549,65,Moderate Preparedness
Sikar,27.610617,75.147048,433,-13.727245185383959,52,Moderate Preparedness
Simdega,22.615172,84.502538,432,-2.294091433867861,61,Moderate Preparedness
Sindhudurg,16.107985,73.714977,28,-2.2426173455543874,74,Well Prepared
Sirmaur,30.525617,77.230732,438,-24.43915351038856,55,Moderate Preparedness
Sirohi,24.89138,72.857774,317,22.7929883213743,50,Moderate Preparedness
Sirsa,29.531177,75.026343,203,4.4713611545730325,74,Well Prepared
Sitamarhi,26.59391,85.496766,68,-20.595352438442024,72,Well Prepared
Sitapur,27.563585,80.686343,139,3.788047127254669,71,Well Prepared
Sivaganga,9.860311,78.481581,102,2.26918870789582,74,Well Prepared
Siwan,26.22132,84.361494,67,18.476120131515465,84,Well Prepared
Solan,30.910522,77.108405,1499,1.0230875506284822,63,Moderate Preparedness
Solapur,17.672099,75.907906,471,34.828017042580456,60,Moderate Preparedness
Sonbhadra,24.687697,83.069029,315,-29.744726940725602,61,Moderate Preparedness
Sonipat,28.979449,77.024728,222,11.552025258389216,67,Moderate Preparedness
Sonitpur,26.623221,92.791733,72,-17.950306306918474,79,Well Prepared
South,27.163151,88.359601,1274,17.23581733707698,56,Moderate Preparedness
South 24 Parganas,22.484754,88.265534,6,9.529418273771226,84,Well Prepared
South Garo Hills,25.200104,90.645557,64,5.413060516150779,77,Well Prepared
South Goa,15.304936,73.959411,31,9.612384112381104,76,Well Prepared
South Tripura,23.53045,91.485363,26,-11.155699848736043,75,Well Prepared
Srikakulam,18.296866,83.891833,12,12.577153590735472,74,Well Prepared
Srinagar,34.083627,74.810746,1587,-5.373602330680045,63,Moderate Preparedness
Sultanpur,26.262349,82.073784,96,-48.06509980149119,75,Well Prepared
Sundargarh,22.128217,84.048498,236,-5.952690473439992,64,Moderate Preparedness
Supaul,26.246247,86.644513,58,-24.810515694925257,80,Well Prepared
Surat,21.205128,72.847119,15,25.43938524961889,77,Well Prepared
Surendranagar,22.732978,71.614645,75,-10.013369518622918,82,Well Prepared
Surguja,23.118939,83.207362,607,-7.314351178661649,51,Moderate Preparedness
Tamenglong,24.996325,93.502375,1030,45.091919788649086,67,Moderate Preparedness
Tawang,27.587899,91.885444,2605,11.171763894902467,57,Moderate Preparedness
Tehri Garhwal,30.376102,78.498598,982,-11.655013344333323,59,Moderate Preparedness
Thane,19.205931,72.971198,18,-20.559280789593387,82,Well Prepared
Thanjavur,10.785111,79.138403,55,-14.791730647960362,83,Well Prepared
The Dangs,20.756817,73.689483,436,-5.174164059883026,54,Moderate Preparedness
The Nilgiris,11.415521,76.705867,2300,-15.908784263559637,53,Moderate Preparedness
Theni,9.999588,77.464364,301,8.157788380835116,54,Moderate Preparedness
Thiruvallur,13.153773,79.915219,39,29.09538683453211,76,Well Prepared
Thiruvananthapuram,8.490191,76.917805,10,-51.2687165046414,83,Well Prepared
Thiruvarur,10.780886,79.626455,13,32.02827365463802,76,Well Prepared
Thoothukkudi,8.810166,78.148882,7,18.630408202671394,73,Well Prepared
Thoubal,24.637889,94.006052,778,-8.388924943677022,50,Moderate Preparedness
Thrissur,10.522671,76.21865,13,31.620850946731814,74,Well Prepared
Tikamgarh,24.743252,78.831962,355,-21.64944097586405,59,Moderate Preparedness
Tinsukia,27.49208,95.370027,124,-30.629286652856234,61,Moderate Preparedness
Tirap,26.991189,95.50663,841,1.8234370920541352,63,Moderate Preparedness
Tiruchirapalli,10.82225,78.681043,74,27.651134464717263,83,Well Prepared
Tirunelveli,8.730059,77.692464,43,5.8741019835156845,81,Well Prepared
Tiruvannamalai,12.233386,79.07432,209,-12.793334386854584,68,Moderate Preparedness
Tonk,26.171361,75.788097,280,-0.9713925698571999,74,Well Prepared
Tuensang,26.229854,94.814512,1508,35.586757799022024,57,Moderate Preparedness
Tumkur,13.353655,77.096527,812,8.277529416037247,58,Moderate Preparedness
Udaipur,24.585424,73.686924,590,9.960757911035916,51,Moderate Preparedness
Udham Singh Nagar,28.966203,79.396914,211,17.335078932732785,63,Moderate Preparedness
Udhampur,32.91258,75.108491,680,14.904387872024218,56,Moderate Preparedness
Udupi,13.359567,74.759237,26,0.3011746160998934,83,Well Prepared
Ujjain,23.185696,75.779601,492,27.296197960751428,51,Moderate Preparedness
Ukhrul,25.091234,94.363891,1731,32.98123465650346,62,Moderate Preparedness
Umaria,23.525654,80.837774,456,-23.83043987364821,64,Moderate Preparedness
Una,31.46426,76.268458,375,-0.7450455642494052,51,Moderate Preparedness
Unnao,26.545632,80.489814,128,-4.794880216969938,66,Moderate Preparedness
Upper Siang,28.613345,95.066152,898,-15.718647439428322,50,Moderate Preparedness
Upper Subansiri,28.029687,94.216858,720,-23.423763815214674,62,Moderate Preparedness
Uttar Dinajpur,25.609131,88.125952,35,26.273714224282987,71,Well Prepared
Uttara Kannada,14.804209,74.131214,47,3.6066785902234813,80,Well Prepared
Uttarkashi,30.715986,78.430542,1466,1.6953959740278841,61,Moderate Preparedness
Vadodara,22.287726,73.206027,36,29.854171981762878,79,Well Prepared
Vaishali,25.676599,85.219298,53,9.81149740064473,84,Well Prepared
Valsad,20.631227,72.933378,8,-2.537748565411832,84,Well Prepared
Varanasi,25.325043,82.975165,80,12.243749997407937,81,Well Prepared
Vellore,12.909641,79.139241,255,-66.75809843542906,66,Moderate Preparedness
Vidisha,23.531456,77.812138,424,40.46497425890923,64,Moderate Preparedness
Viluppuram,11.936979,79.487333,47,-2.408093418557384,82,Well Prepared
Virudhunagar,9.594003,77.952743,101,-5.606251204495656,74,Well Prepared
Visakhapatnam,17.724253,83.305865,29,-37.279778042420006,76,Well Prepared
Vizianagaram,18.124612,83.406912,66,2.797619979768824,81,Well Prepared
Warangal,18.030289,79.57543,255,-21.671663001502257,73,Well Prepared
Wardha,20.735221,78.604456,281,7.432854795310126,63,Moderate Preparedness
Washim,20.108935,77.142117,550,1.4759832533299813,55,Moderate Preparedness
Wayanad,11.606117,76.088347,812,37.82913193500909,61,Moderate Preparedness
West Sikkim,27.290085,88.244703,1442,2.258166770999006,63,Moderate Preparedness
West Garo Hills,25.505214,90.280827,957,23.28796394320866,59,Moderate Preparedness
West Godavari,16.719836,81.100761,18,1.1897545222675796,82,Well Prepared
West Kameng,27.264281,92.425854,2468,-12.217253447647051,54,Moderate Preparedness
West Khasi Hills,25.518083,91.269445,1361,19.466319704423054,58,Moderate Preparedness
West Nimar,21.825248,75.61635,255,5.78833881172989,71,Well Prepared
West Siang,28.168599,94.80047,266,-24.978296530056227,66,Moderate Preparedness
West Tripura,23.827795,91.274175,17,-12.673943809104566,73,Well Prepared
Wokha,26.0917,94.258877,1383,-10.015570996185163,54,Moderate Preparedness
Yamunanagar,30.30369,77.307789,304,-8.178062185514753,63,Moderate Preparedness
Yanam,16.734771,82.213971,7,-15.959907461350538,79,Well Prepared
Yavatmal,20.3876,78.131472,452,18.53774523062611,52,Moderate Preparedness
Zunheboto,26.009562,94.521241,1639,14.272155657795865,54,Moderate Preparedness
Rangareddi,17.3891,77.8367,602,8.312755947781529,50,Moderate Preparedness
Vishakhapatnam,17.724,82.7347,113,9.001120756514835,61,Moderate Preparedness
Golapara,26.0876,90.5636,49,2.4158029835099764,77,Well Prepared
Bastar,19.1071,81.9535,544,-7.844203367683216,50,Moderate Preparedness
Badgam,33.9349,74.64,2098,-3.2122604281570486,53,Moderate Preparedness
Doda,33.0469,75.6208,1472,-40.13530749134123,60,Moderate Preparedness
Kargil,34.262,76.2711,4815,-8.223733459428143,60,Moderate Preparedness
Kupwara,34.4319,74.124,1984,21.53511696687671,55,Moderate Preparedness
Pulwama,33.9819,75.0144,2030,-11.083657970296972,64,Moderate Preparedness
Rajauri,33.3717,74.3153,950,32.71234511937933,63,Moderate Preparedness
West Singbhum,22.3651,85.4376,358,16.947216510052094,52,Moderate Preparedness
Bangalore Rural,13.2847,77.6078,920,46.96028886735959,73,Well Prepared
Chikmangalur,13.4045,75.6208,1051,1.9270469836511763,54,Moderate Preparedness
Davanagere,14.3318,75.9928,604,-44.58770780247362,58,Moderate Preparedness
Imphal East,24.7807,93.9674,779,16.265178530091525,54,Moderate Preparedness
Imphal West,24.7828,93.8859,780,-4.0757318306588335,53,Moderate Preparedness
Aizwal,23.8789,92.8976,627,8.24383999087042,63,Moderate Preparedness
Lawngtlai,22.3114,92.6984,332,-6.97453879411974,51,Moderate Preparedness
Sonapur,20.9338,83.8049,122,-22.917893261098065,67,Moderate Preparedness
North Sikkim,27.8236,88.5565,3679,22.553458831307616,50,Moderate Preparedness
South Sikkim,27.2858,88.3946,1360,1.3803769270591366,52,Moderate Preparedness
Ariyalur,11.2399,79.2902,80,30.95499527774123,71,Well Prepared
Bulandshahar,28.4215,78.0195,202,-10.58130043776728,66,Moderate Preparedness
Siddharth Nagar,27.2716,82.821,89,0.7014081189757997,82,Well Prepared
Burdwan,23.4595,87.6186,67,-22.305781847229838,84,Well Prepared
Cooch Behar,26.3234,89.3227,48,18.861975967023092,70,Well Prepared
South Dinajpur,25.3715,88.5565,29,4.1773731369700675,82,Well Prepared
Darjeeling,26.9287,88.3628,1037,8.742259970101045,59,Moderate Preparedness
Howrah,22.5604,88.051,7,12.63037269023596,82,Well Prepared
Hooghly,22.8963,88.2461,9,3.2055765213828717,81,Well Prepared
Malda,25.1786,88.2461,35,11.557465659729948,72,Well Prepared
Midnapore,22.408,87.3811,27,5.451631629142324,75,Well Prepared
Purulia,23.3322,86.3616,247,0.03366400135628478,73,Well Prepared
North Dinajpur,25.981,88.051,47,-3.503435916926659,77,Well Prepared
New Delhi,28.6139,77.209,219,24.593633317989124,60,Moderate Preparedness
Andaman,10.7449,92.5,51,4.116359861548031,71,Well Prepared
Nicobar,7.1205,93.7842,157,32.41508040830004,61,Moderate Preparedness
Mahe,11.7003,75.5425,14,-8.413476388548068,70,Well Prepared
Sikkim,27.3516,88.3239,1299,3.799078005180101,53,Moderate Preparedness
Lakshadweep,10.5667,72.6417,7,-7.831705711343584,76,Well Prepared
Goa,15.2993,74.124,97,3.469779028690838,72,Well Prepared
